CREATE DATABASE IF NOT EXISTS `test` DEFAULT CHARACTER SET utf8 COLLATE utf8_general_ci;
USE `test`;
-- --------------------------------------------------------

CREATE TABLE IF NOT EXISTS `author` (
  `id` int(11) NOT NULL AUTO_INCREMENT,
  `name` varchar(50) CHARACTER SET utf8 NOT NULL,
  `birthday` date NOT NULL,
  PRIMARY KEY (`id`)
) ENGINE=InnoDB  DEFAULT CHARSET=latin1 AUTO_INCREMENT=61 ;

INSERT INTO `author` (`id`, `name`, `birthday`) VALUES
(1, 'Vasay', '2015-01-16'),
(2, 'Petya', '2015-11-22'),
(3, 'Nikolay', '2015-09-22'),
(4, 'Kolya', '2015-07-21'),
(5, 'Masha', '2015-06-25'),
(6, 'Vasay', '2014-10-06'),
(7, 'Petya', '2015-04-19'),
(8, 'Nikolay', '2014-09-09'),
(9, 'Kolya', '2015-11-26'),
(10, 'Masha', '2014-09-25'),
(11, 'Vasay', '2015-07-31'),
(12, 'Petya', '2014-11-02'),
(13, 'Nikolay', '2015-10-29'),
(14, 'Kolya', '2014-12-26'),
(15, 'Masha', '2015-01-09'),
(16, 'Vasay', '2014-11-18'),
(17, 'Petya', '2015-12-29'),
(18, 'Nikolay', '2015-04-11'),
(19, 'Kolya', '2014-12-01'),
(20, 'Masha', '2015-11-12'),
(21, 'Vasay', '2015-06-14'),
(22, 'Petya', '2015-10-12'),
(23, 'Nikolay', '2014-12-17'),
(24, 'Kolya', '2015-11-05'),
(25, 'Masha', '2015-04-15'),
(26, 'Vasay', '2015-03-01'),
(27, 'Petya', '2014-12-05'),
(28, 'Nikolay', '2015-11-07'),
(29, 'Kolya', '2015-10-31'),
(30, 'Masha', '2015-04-25'),
(31, 'Vasay', '2014-11-26'),
(32, 'Petya', '2014-11-15'),
(33, 'Nikolay', '2014-11-20'),
(34, 'Kolya', '2015-08-12'),
(35, 'Masha', '2015-05-19'),
(36, 'Vasay', '2015-06-17'),
(37, 'Petya', '2014-09-20'),
(38, 'Nikolay', '2015-05-18'),
(39, 'Kolya', '2014-11-29'),
(40, 'Masha', '2015-02-16'),
(41, 'Vasay', '2015-02-16'),
(42, 'Petya', '2015-05-25'),
(43, 'Nikolay', '2015-11-05'),
(44, 'Kolya', '2014-12-30'),
(45, 'Masha', '2015-10-30'),
(46, 'Vasay', '2015-06-11'),
(47, 'Petya', '2015-07-28'),
(48, 'Nikolay', '2015-08-29'),
(49, 'Kolya', '2015-02-16'),
(50, 'Masha', '2015-09-13'),
(51, 'Vasay', '2014-11-15'),
(52, 'Petya', '2015-03-07'),
(53, 'Nikolay', '2015-04-30'),
(54, 'Kolya', '2014-09-13'),
(55, 'Masha', '2015-03-18'),
(56, 'Vasay', '2015-06-07'),
(57, 'Petya', '2015-07-06'),
(58, 'Nikolay', '2015-12-17'),
(59, 'Kolya', '2014-11-06'),
(60, 'Masha', '2014-11-16');

-- --------------------------------------------------------

CREATE TABLE IF NOT EXISTS `like` (
  `id` int(11) NOT NULL AUTO_INCREMENT,
  `newsId` int(11) NOT NULL,
  PRIMARY KEY (`id`),
  KEY `newsId` (`newsId`)
) ENGINE=InnoDB  DEFAULT CHARSET=latin1 AUTO_INCREMENT=128 ;

INSERT INTO `like` (`id`, `newsId`) VALUES
(1, 1),
(2, 1),
(3, 2),
(4, 3),
(5, 3),
(6, 3),
(7, 4),
(8, 5),
(9, 5),
(10, 6),
(11, 6),
(12, 7),
(13, 7),
(14, 7),
(15, 8),
(16, 8),
(17, 9),
(18, 9),
(19, 9),
(20, 9),
(21, 9),
(22, 10),
(23, 10),
(24, 10),
(25, 11),
(26, 11),
(27, 11),
(28, 12),
(29, 12),
(30, 13),
(31, 13),
(32, 13),
(33, 13),
(34, 14),
(35, 14),
(36, 14),
(37, 15),
(38, 16),
(39, 16),
(40, 16),
(41, 16),
(42, 17),
(43, 17),
(44, 18),
(45, 19),
(46, 19),
(47, 19),
(48, 19),
(49, 20),
(50, 20),
(51, 20),
(52, 20),
(53, 21),
(54, 22),
(55, 22),
(56, 22),
(57, 23),
(58, 23),
(59, 23),
(60, 24),
(61, 25),
(62, 25),
(63, 26),
(64, 26),
(65, 27),
(66, 27),
(67, 27),
(68, 28),
(69, 28),
(70, 28),
(71, 29),
(72, 29),
(73, 29),
(74, 30),
(75, 30),
(76, 30),
(77, 30),
(78, 31),
(79, 31),
(80, 32),
(81, 32),
(82, 32),
(83, 33),
(84, 33),
(85, 34),
(86, 34),
(87, 35),
(88, 35),
(89, 36),
(90, 36),
(91, 36),
(92, 36),
(93, 36),
(94, 37),
(95, 37),
(96, 37),
(97, 37),
(98, 38),
(99, 38),
(100, 39),
(101, 39),
(102, 40),
(103, 41),
(104, 41),
(105, 41),
(106, 41),
(107, 41),
(108, 42),
(109, 42),
(110, 42),
(111, 43),
(112, 43),
(113, 44),
(114, 44),
(115, 44),
(116, 45),
(117, 45),
(118, 45),
(119, 46),
(120, 46),
(121, 46),
(122, 47),
(123, 47),
(124, 47),
(125, 48),
(126, 48),
(127, 48);

-- --------------------------------------------------------

CREATE TABLE IF NOT EXISTS `news` (
  `id` int(11) NOT NULL AUTO_INCREMENT,
  `authorId` int(11) NOT NULL,
  `title` varchar(100) NOT NULL,
  `content` text NOT NULL,
  `date` date NOT NULL,
  PRIMARY KEY (`id`),
  KEY `authorId` (`authorId`)
) ENGINE=InnoDB  DEFAULT CHARSET=utf8 AUTO_INCREMENT=49 ;

INSERT INTO `news` (`id`, `authorId`, `title`, `content`, `date`) VALUES
(1, 3, 'first', 'Sed ut perspiciatis unde omnis iste natus error sit voluptatem accusantium doloremque laudantium, totam rem aperiam, eaque ipsa quae ab illo inventore veritatis et quasi architecto beatae vitae dicta sunt explica', '2014-09-20'),
(2, 3, 'second', 'But I must explain to you how all this mistaken idea of denouncing pleasure and praising pain was born and I will give you a complete account of the system, and expound the actual teachings of the great explorer of the truth, the master-builder of human happiness. No one rejects, dislikes, or avoids pleasure itself, becau', '2015-02-15'),
(3, 5, 'third', 'cepturi sint occaecati cupiditate non provident, similique sunt in culpa qui officia deserunt mollitia animi, id est laborum et dolorum fuga. Et harum quid', '2014-11-15'),
(4, 3, 'fourth', 'o blinded by desire, that they cannot foresee the pain and trouble that are bound to ensue; and equal blame belongs to those who fail in their duty through weakness of will, which is the same as saying through shrinking from toil and pain. These cases are perfectly simple and easy to distinguish. In a', '2015-01-12'),
(5, 7, 'first', 'Sed ut perspiciatis unde omnis iste natus error sit voluptatem accusantium doloremque laudantium, totam rem aperiam, eaque ipsa quae ab illo inventore veritatis et quasi architecto beatae vitae dicta sunt explica', '2015-05-29'),
(6, 6, 'second', 'But I must explain to you how all this mistaken idea of denouncing pleasure and praising pain was born and I will give you a complete account of the system, and expound the actual teachings of the great explorer of the truth, the master-builder of human happiness. No one rejects, dislikes, or avoids pleasure itself, becau', '2015-07-05'),
(7, 7, 'third', 'cepturi sint occaecati cupiditate non provident, similique sunt in culpa qui officia deserunt mollitia animi, id est laborum et dolorum fuga. Et harum quid', '2014-11-13'),
(8, 9, 'fourth', 'o blinded by desire, that they cannot foresee the pain and trouble that are bound to ensue; and equal blame belongs to those who fail in their duty through weakness of will, which is the same as saying through shrinking from toil and pain. These cases are perfectly simple and easy to distinguish. In a', '2015-12-13'),
(9, 11, 'first', 'Sed ut perspiciatis unde omnis iste natus error sit voluptatem accusantium doloremque laudantium, totam rem aperiam, eaque ipsa quae ab illo inventore veritatis et quasi architecto beatae vitae dicta sunt explica', '2015-03-09'),
(10, 11, 'second', 'But I must explain to you how all this mistaken idea of denouncing pleasure and praising pain was born and I will give you a complete account of the system, and expound the actual teachings of the great explorer of the truth, the master-builder of human happiness. No one rejects, dislikes, or avoids pleasure itself, becau', '2015-11-26'),
(11, 13, 'third', 'cepturi sint occaecati cupiditate non provident, similique sunt in culpa qui officia deserunt mollitia animi, id est laborum et dolorum fuga. Et harum quid', '2015-01-08'),
(12, 13, 'fourth', 'o blinded by desire, that they cannot foresee the pain and trouble that are bound to ensue; and equal blame belongs to those who fail in their duty through weakness of will, which is the same as saying through shrinking from toil and pain. These cases are perfectly simple and easy to distinguish. In a', '2014-11-11'),
(13, 17, 'first', 'Sed ut perspiciatis unde omnis iste natus error sit voluptatem accusantium doloremque laudantium, totam rem aperiam, eaque ipsa quae ab illo inventore veritatis et quasi architecto beatae vitae dicta sunt explica', '2014-12-16'),
(14, 19, 'second', 'But I must explain to you how all this mistaken idea of denouncing pleasure and praising pain was born and I will give you a complete account of the system, and expound the actual teachings of the great explorer of the truth, the master-builder of human happiness. No one rejects, dislikes, or avoids pleasure itself, becau', '2014-11-27'),
(15, 20, 'third', 'cepturi sint occaecati cupiditate non provident, similique sunt in culpa qui officia deserunt mollitia animi, id est laborum et dolorum fuga. Et harum quid', '2015-04-06'),
(16, 17, 'fourth', 'o blinded by desire, that they cannot foresee the pain and trouble that are bound to ensue; and equal blame belongs to those who fail in their duty through weakness of will, which is the same as saying through shrinking from toil and pain. These cases are perfectly simple and easy to distinguish. In a', '2015-03-15'),
(17, 24, 'first', 'Sed ut perspiciatis unde omnis iste natus error sit voluptatem accusantium doloremque laudantium, totam rem aperiam, eaque ipsa quae ab illo inventore veritatis et quasi architecto beatae vitae dicta sunt explica', '2014-11-30'),
(18, 24, 'second', 'But I must explain to you how all this mistaken idea of denouncing pleasure and praising pain was born and I will give you a complete account of the system, and expound the actual teachings of the great explorer of the truth, the master-builder of human happiness. No one rejects, dislikes, or avoids pleasure itself, becau', '2014-11-06'),
(19, 24, 'third', 'cepturi sint occaecati cupiditate non provident, similique sunt in culpa qui officia deserunt mollitia animi, id est laborum et dolorum fuga. Et harum quid', '2015-04-19'),
(20, 23, 'fourth', 'o blinded by desire, that they cannot foresee the pain and trouble that are bound to ensue; and equal blame belongs to those who fail in their duty through weakness of will, which is the same as saying through shrinking from toil and pain. These cases are perfectly simple and easy to distinguish. In a', '2014-09-26'),
(21, 27, 'first', 'Sed ut perspiciatis unde omnis iste natus error sit voluptatem accusantium doloremque laudantium, totam rem aperiam, eaque ipsa quae ab illo inventore veritatis et quasi architecto beatae vitae dicta sunt explica', '2016-01-10'),
(22, 27, 'second', 'But I must explain to you how all this mistaken idea of denouncing pleasure and praising pain was born and I will give you a complete account of the system, and expound the actual teachings of the great explorer of the truth, the master-builder of human happiness. No one rejects, dislikes, or avoids pleasure itself, becau', '2014-12-31'),
(23, 27, 'third', 'cepturi sint occaecati cupiditate non provident, similique sunt in culpa qui officia deserunt mollitia animi, id est laborum et dolorum fuga. Et harum quid', '2015-12-09'),
(24, 27, 'fourth', 'o blinded by desire, that they cannot foresee the pain and trouble that are bound to ensue; and equal blame belongs to those who fail in their duty through weakness of will, which is the same as saying through shrinking from toil and pain. These cases are perfectly simple and easy to distinguish. In a', '2015-11-20'),
(25, 33, 'first', 'Sed ut perspiciatis unde omnis iste natus error sit voluptatem accusantium doloremque laudantium, totam rem aperiam, eaque ipsa quae ab illo inventore veritatis et quasi architecto beatae vitae dicta sunt explica', '2015-11-16'),
(26, 35, 'second', 'But I must explain to you how all this mistaken idea of denouncing pleasure and praising pain was born and I will give you a complete account of the system, and expound the actual teachings of the great explorer of the truth, the master-builder of human happiness. No one rejects, dislikes, or avoids pleasure itself, becau', '2015-10-06'),
(27, 35, 'third', 'cepturi sint occaecati cupiditate non provident, similique sunt in culpa qui officia deserunt mollitia animi, id est laborum et dolorum fuga. Et harum quid', '2014-12-26'),
(28, 35, 'fourth', 'o blinded by desire, that they cannot foresee the pain and trouble that are bound to ensue; and equal blame belongs to those who fail in their duty through weakness of will, which is the same as saying through shrinking from toil and pain. These cases are perfectly simple and easy to distinguish. In a', '2015-11-21'),
(29, 36, 'first', 'Sed ut perspiciatis unde omnis iste natus error sit voluptatem accusantium doloremque laudantium, totam rem aperiam, eaque ipsa quae ab illo inventore veritatis et quasi architecto beatae vitae dicta sunt explica', '2015-12-22'),
(30, 37, 'second', 'But I must explain to you how all this mistaken idea of denouncing pleasure and praising pain was born and I will give you a complete account of the system, and expound the actual teachings of the great explorer of the truth, the master-builder of human happiness. No one rejects, dislikes, or avoids pleasure itself, becau', '2015-04-10'),
(31, 39, 'third', 'cepturi sint occaecati cupiditate non provident, similique sunt in culpa qui officia deserunt mollitia animi, id est laborum et dolorum fuga. Et harum quid', '2015-05-19'),
(32, 40, 'fourth', 'o blinded by desire, that they cannot foresee the pain and trouble that are bound to ensue; and equal blame belongs to those who fail in their duty through weakness of will, which is the same as saying through shrinking from toil and pain. These cases are perfectly simple and easy to distinguish. In a', '2015-05-03'),
(33, 42, 'first', 'Sed ut perspiciatis unde omnis iste natus error sit voluptatem accusantium doloremque laudantium, totam rem aperiam, eaque ipsa quae ab illo inventore veritatis et quasi architecto beatae vitae dicta sunt explica', '2015-10-22'),
(34, 45, 'second', 'But I must explain to you how all this mistaken idea of denouncing pleasure and praising pain was born and I will give you a complete account of the system, and expound the actual teachings of the great explorer of the truth, the master-builder of human happiness. No one rejects, dislikes, or avoids pleasure itself, becau', '2014-10-23'),
(35, 45, 'third', 'cepturi sint occaecati cupiditate non provident, similique sunt in culpa qui officia deserunt mollitia animi, id est laborum et dolorum fuga. Et harum quid', '2015-09-16'),
(36, 45, 'fourth', 'o blinded by desire, that they cannot foresee the pain and trouble that are bound to ensue; and equal blame belongs to those who fail in their duty through weakness of will, which is the same as saying through shrinking from toil and pain. These cases are perfectly simple and easy to distinguish. In a', '2015-02-04'),
(37, 47, 'first', 'Sed ut perspiciatis unde omnis iste natus error sit voluptatem accusantium doloremque laudantium, totam rem aperiam, eaque ipsa quae ab illo inventore veritatis et quasi architecto beatae vitae dicta sunt explica', '2015-09-14'),
(38, 47, 'second', 'But I must explain to you how all this mistaken idea of denouncing pleasure and praising pain was born and I will give you a complete account of the system, and expound the actual teachings of the great explorer of the truth, the master-builder of human happiness. No one rejects, dislikes, or avoids pleasure itself, becau', '2016-01-11'),
(39, 47, 'third', 'cepturi sint occaecati cupiditate non provident, similique sunt in culpa qui officia deserunt mollitia animi, id est laborum et dolorum fuga. Et harum quid', '2015-04-19'),
(40, 47, 'fourth', 'o blinded by desire, that they cannot foresee the pain and trouble that are bound to ensue; and equal blame belongs to those who fail in their duty through weakness of will, which is the same as saying through shrinking from toil and pain. These cases are perfectly simple and easy to distinguish. In a', '2015-01-14'),
(41, 51, 'first', 'Sed ut perspiciatis unde omnis iste natus error sit voluptatem accusantium doloremque laudantium, totam rem aperiam, eaque ipsa quae ab illo inventore veritatis et quasi architecto beatae vitae dicta sunt explica', '2015-01-08'),
(42, 53, 'second', 'But I must explain to you how all this mistaken idea of denouncing pleasure and praising pain was born and I will give you a complete account of the system, and expound the actual teachings of the great explorer of the truth, the master-builder of human happiness. No one rejects, dislikes, or avoids pleasure itself, becau', '2014-12-30'),
(43, 54, 'third', 'cepturi sint occaecati cupiditate non provident, similique sunt in culpa qui officia deserunt mollitia animi, id est laborum et dolorum fuga. Et harum quid', '2015-10-11'),
(44, 54, 'fourth', 'o blinded by desire, that they cannot foresee the pain and trouble that are bound to ensue; and equal blame belongs to those who fail in their duty through weakness of will, which is the same as saying through shrinking from toil and pain. These cases are perfectly simple and easy to distinguish. In a', '2014-12-28'),
(45, 60, 'first', 'Sed ut perspiciatis unde omnis iste natus error sit voluptatem accusantium doloremque laudantium, totam rem aperiam, eaque ipsa quae ab illo inventore veritatis et quasi architecto beatae vitae dicta sunt explica', '2014-12-15'),
(46, 60, 'second', 'But I must explain to you how all this mistaken idea of denouncing pleasure and praising pain was born and I will give you a complete account of the system, and expound the actual teachings of the great explorer of the truth, the master-builder of human happiness. No one rejects, dislikes, or avoids pleasure itself, becau', '2016-01-10'),
(47, 56, 'third', 'cepturi sint occaecati cupiditate non provident, similique sunt in culpa qui officia deserunt mollitia animi, id est laborum et dolorum fuga. Et harum quid', '2015-01-15'),
(48, 60, 'fourth', 'o blinded by desire, that they cannot foresee the pain and trouble that are bound to ensue; and equal blame belongs to those who fail in their duty through weakness of will, which is the same as saying through shrinking from toil and pain. These cases are perfectly simple and easy to distinguish. In a', '2014-11-16');
